
DROP TABLE IF EXISTS `auth_assignment`;

CREATE TABLE `auth_assignment` (
  `item_name` varchar(64) COLLATE utf8_unicode_ci NOT NULL,
  `user_id` varchar(64) COLLATE utf8_unicode_ci NOT NULL,
  `created_at` int(11) DEFAULT NULL,
  PRIMARY KEY (`item_name`,`user_id`),
  CONSTRAINT `auth_assignment_ibfk_1` FOREIGN KEY (`item_name`) REFERENCES `auth_item` (`name`) ON DELETE CASCADE ON UPDATE CASCADE
) ENGINE=InnoDB DEFAULT CHARSET=utf8 COLLATE=utf8_unicode_ci;

INSERT INTO `auth_assignment` (`item_name`, `user_id`, `created_at`)
VALUES
	('root','1',1516285913),
	('root','176',1498735069),
	('root','217',1499868762),
	('root','331',1507208298),
	('shopAdmin','10',1494924729),
	('shopAdmin','100',1499248566),
	('shopAdmin','101',1495626570),
	('shopAdmin','102',1495633581),
	('shopAdmin','103',1495698822),
	('shopAdmin','104',1495706871),
	('shopAdmin','105',1496066772),
	('shopAdmin','106',1501582015),
	('shopAdmin','107',1496329420),
	('shopAdmin','108',1496329750),
	('shopAdmin','11',1503496949),
	('shopAdmin','110',1498222531),
	('shopAdmin','112',1496687721),
	('shopAdmin','113',1496687821),
	('shopAdmin','114',1496744446),
	('shopAdmin','115',1496749886),
	('shopAdmin','116',1506510722),
	('shopAdmin','117',1502274993),
	('shopAdmin','118',1504860328),
	('shopAdmin','119',1497018728),
	('shopAdmin','12',1494924996),
	('shopAdmin','13',1494925043),
	('shopAdmin','140',1497963641),
	('shopAdmin','141',1497963813),
	('shopAdmin','142',1503313829),
	('shopAdmin','143',1497969883),
	('shopAdmin','144',1498127154),
	('shopAdmin','145',1498130817),
	('shopAdmin','146',1499862929),
	('shopAdmin','147',1498132867),
	('shopAdmin','148',1498136812),
	('shopAdmin','149',1498138310),
	('shopAdmin','150',1498138710),
	('shopAdmin','151',1498140524),
	('shopAdmin','152',1498142835),
	('shopAdmin','153',1513682913),
	('shopAdmin','154',1498148048),
	('shopAdmin','155',1501749433),
	('shopAdmin','156',1498210026),
	('shopAdmin','157',1498221622),
	('shopAdmin','158',1498221824),
	('shopAdmin','159',1498222794),
	('shopAdmin','160',1498222830),
	('shopAdmin','161',1498222883),
	('shopAdmin','162',1498224279),
	('shopAdmin','163',1501856955),
	('shopAdmin','164',1498228426),
	('shopAdmin','165',1504182326),
	('shopAdmin','166',1513683256),
	('shopAdmin','167',1498310466),
	('shopAdmin','168',1501745195),
	('shopAdmin','169',1504005848),
	('shopAdmin','170',1501745201),
	('shopAdmin','171',1523948723),
	('shopAdmin','172',1498569702),
	('shopAdmin','173',1498637275),
	('shopAdmin','174',1509700738),
	('shopAdmin','175',1508920949),
	('shopAdmin','177',1498822075),
	('shopAdmin','178',1498828085),
	('shopAdmin','180',1499068340),
	('shopAdmin','181',1500040498),
	('shopAdmin','182',1510126324),
	('shopAdmin','183',1523453136),
	('shopAdmin','184',1499069544),
	('shopAdmin','185',1499069808),
	('shopAdmin','186',1501575360),
	('shopAdmin','187',1499070232),
	('shopAdmin','188',1499340935),
	('shopAdmin','189',1522655959),
	('shopAdmin','190',1503323520),
	('shopAdmin','191',1499072407),
	('shopAdmin','192',1504862960),
	('shopAdmin','193',1499073213),
	('shopAdmin','194',1523954146),
	('shopAdmin','195',1499090331),
	('shopAdmin','196',1499091661),
	('shopAdmin','197',1500980603),
	('shopAdmin','198',1499155412),
	('shopAdmin','201',1523874687),
	('shopAdmin','203',1499181127),
	('shopAdmin','204',1499252925),
	('shopAdmin','205',1499255735),
	('shopAdmin','206',1501663453),
	('shopAdmin','207',1500466644),
	('shopAdmin','208',1499350939),
	('shopAdmin','209',1504686574),
	('shopAdmin','211',1499763305),
	('shopAdmin','212',1499671846),
	('shopAdmin','213',1499675312),
	('shopAdmin','215',1502101518),
	('shopAdmin','216',1499870715),
	('shopAdmin','218',1513682897),
	('shopAdmin','219',1505380894),
	('shopAdmin','220',1499942925),
	('shopAdmin','221',1500026965),
	('shopAdmin','222',1500030262),
	('shopAdmin','223',1500293596),
	('shopAdmin','224',1501598792),
	('shopAdmin','225',1500476986),
	('shopAdmin','228',1501059588),
	('shopAdmin','229',1500551967),
	('shopAdmin','230',1500565593),
	('shopAdmin','231',1500754243),
	('shopAdmin','233',1503994021),
	('shopAdmin','235',1500987492),
	('shopAdmin','236',1505991112),
	('shopAdmin','237',1501056480),
	('shopAdmin','238',1501769394),
	('shopAdmin','241',1501496523),
	('shopAdmin','245',1513717355),
	('shopAdmin','246',1516370968),
	('shopAdmin','249',1501859878),
	('shopAdmin','252',1502132137),
	('shopAdmin','292',1516194508),
	('shopAdmin','293',1503308260),
	('shopAdmin','294',1522409148),
	('shopAdmin','295',1503308245),
	('shopAdmin','296',1502973357),
	('shopAdmin','297',1503046074),
	('shopAdmin','302',1505392961),
	('shopAdmin','303',1505833961),
	('shopAdmin','305',1510645905),
	('shopAdmin','306',1504713862),
	('shopAdmin','308',1504771311),
	('shopAdmin','309',1504789151),
	('shopAdmin','311',1505134633),
	('shopAdmin','312',1505731320),
	('shopAdmin','314',1505482513),
	('shopAdmin','315',1506324751),
	('shopAdmin','317',1520860851),
	('shopAdmin','319',1510055436),
	('shopAdmin','320',1506425683),
	('shopAdmin','321',1506425931),
	('shopAdmin','322',1519891959),
	('shopAdmin','323',1506493538),
	('shopAdmin','326',1506681852),
	('shopAdmin','328',1507126132),
	('shopAdmin','335',1510830846),
	('shopAdmin','337',1523867566),
	('shopAdmin','339',1512997955),
	('shopAdmin','341',1513007044),
	('shopAdmin','342',1508333117),
	('shopAdmin','343',1509024780),
	('shopAdmin','344',1515663244),
	('shopAdmin','346',1509451904),
	('shopAdmin','351',1510131195),
	('shopAdmin','353',1510669811),
	('shopAdmin','354',1510669911),
	('shopAdmin','355',1510830204),
	('shopAdmin','357',1511352805),
	('shopAdmin','358',1511359546),
	('shopAdmin','359',1511353344),
	('shopAdmin','360',1516707740),
	('shopAdmin','361',1511954921),
	('shopAdmin','365',1512554709),
	('shopAdmin','366',1512647894),
	('shopAdmin','367',1513670742),
	('shopAdmin','368',1520936116),
	('shopAdmin','369',1512993562),
	('shopAdmin','371',1513584160),
	('shopAdmin','373',1513669499),
	('shopAdmin','374',1513671037),
	('shopAdmin','375',1513671059),
	('shopAdmin','376',1514145459),
	('shopAdmin','378',1516022752),
	('shopAdmin','379',1523453122),
	('shopAdmin','381',1515573979),
	('shopAdmin','382',1517216497),
	('shopAdmin','383',1515581012),
	('shopAdmin','385',1516108825),
	('shopAdmin','386',1521447420),
	('shopAdmin','388',1516713821),
	('shopAdmin','389',1521024309),
	('shopAdmin','390',1521710091),
	('shopAdmin','392',1516878499),
	('shopAdmin','393',1516879376),
	('shopAdmin','394',1517225944),
	('shopAdmin','395',1517411106),
	('shopAdmin','396',1517473678),
	('shopAdmin','397',1517559374),
	('shopAdmin','399',1518510516),
	('shopAdmin','400',1518421585),
	('shopAdmin','401',1518445148),
	('shopAdmin','402',1518533683),
	('shopAdmin','403',1519027808),
	('shopAdmin','404',1519027707),
	('shopAdmin','406',1519045744),
	('shopAdmin','407',1519046001),
	('shopAdmin','409',1519118959),
	('shopAdmin','410',1519122714),
	('shopAdmin','411',1519630165),
	('shopAdmin','413',1519728133),
	('shopAdmin','414',1519918539),
	('shopAdmin','415',1520256815),
	('shopAdmin','417',1523358132),
	('shopAdmin','419',1523362982),
	('shopAdmin','421',1521708996),
	('shopAdmin','422',1523955972),
	('shopAdmin','423',1520941021),
	('shopAdmin','424',1521010828),
	('shopAdmin','425',1521110425),
	('shopAdmin','426',1521137033),
	('shopAdmin','429',1523448214),
	('shopAdmin','43',1495026953),
	('shopAdmin','431',1521536710),
	('shopAdmin','432',1522251810),
	('shopAdmin','433',1522658896),
	('shopAdmin','434',1522747924),
	('shopAdmin','435',1523437225),
	('shopAdmin','436',1523615764),
	('shopAdmin','437',1523615811),
	('shopAdmin','438',1523616464),
	('shopAdmin','439',1523616689),
	('shopAdmin','440',1523616743),
	('shopAdmin','441',1523618387),
	('shopAdmin','442',1523950575),
	('shopAdmin','443',1523887658),
	('shopAdmin','444',1523950588),
	('shopAdmin','6',1521013161),
	('shopAdmin','7',1493810174),
	('shopAdmin','8',1506942590),
	('shopAdmin','9',1495026637),
	('shopAdmin','98',1495112072),
	('shopAdmin','99',1495200656),
	('shopWatcher','139',1518162225),
	('shopWatcher','179',1517843715),
	('shopWatcher','200',1499175484),
	('shopWatcher','210',1499415966),
	('shopWatcher','214',1499784972),
	('shopWatcher','226',1500538533),
	('shopWatcher','227',1500643644),
	('shopWatcher','232',1500909756),
	('shopWatcher','234',1500979015),
	('shopWatcher','243',1501663343),
	('shopWatcher','244',1501663385),
	('shopWatcher','247',1501748272),
	('shopWatcher','248',1501760943),
	('shopWatcher','250',1512477764),
	('shopWatcher','251',1501861853),
	('shopWatcher','290',1502713835),
	('shopWatcher','291',1506068887),
	('shopWatcher','298',1503227321),
	('shopWatcher','300',1504006051),
	('shopWatcher','301',1504107430),
	('shopWatcher','304',1513087874),
	('shopWatcher','307',1504768874),
	('shopWatcher','310',1504853530),
	('shopWatcher','313',1505200145),
	('shopWatcher','316',1506323348),
	('shopWatcher','324',1506512630),
	('shopWatcher','325',1506627859),
	('shopWatcher','327',1507023311),
	('shopWatcher','330',1509008703),
	('shopWatcher','332',1507301986),
	('shopWatcher','333',1507641730),
	('shopWatcher','334',1507710580),
	('shopWatcher','336',1508138266),
	('shopWatcher','338',1508743553),
	('shopWatcher','340',1508250906),
	('shopWatcher','345',1509353363),
	('shopWatcher','347',1509458198),
	('shopWatcher','349',1510056775),
	('shopWatcher','350',1510044539),
	('shopWatcher','352',1510584124),
	('shopWatcher','356',1511162613),
	('shopWatcher','362',1512390827),
	('shopWatcher','363',1512554008),
	('shopWatcher','364',1512484908),
	('shopWatcher','370',1513350201),
	('shopWatcher','372',1514203204),
	('shopWatcher','377',1514371878),
	('shopWatcher','380',1515488962),
	('shopWatcher','384',1516180344),
	('shopWatcher','398',1517839406),
	('shopWatcher','405',1519042153),
	('shopWatcher','416',1521448248),
	('shopWatcher','418',1521448208),
	('shopWatcher','420',1520344274),
	('shopWatcher','430',1521470438),
	('systemAdmin','109',1509003485),
	('systemAdmin','111',1498460004),
	('systemAdmin','14',1510051634),
	('systemAdmin','15',1512997993),
	('systemAdmin','199',1499173963),
	('systemAdmin','202',1499180419),
	('systemAdmin','239',1512997937),
	('systemAdmin','240',1505314144),
	('systemAdmin','242',1501585073),
	('systemAdmin','299',1503308607),
	('systemAdmin','318',1506343557),
	('systemAdmin','329',1510046548),
	('systemAdmin','348',1509524110),
	('systemAdmin','387',1516356117),
	('systemAdmin','391',1516711142),
	('systemAdmin','427',1521233824),
	('systemAdmin','428',1521448236);


# Дамп таблицы auth_item
# ------------------------------------------------------------

DROP TABLE IF EXISTS `auth_item`;

CREATE TABLE `auth_item` (
  `name` varchar(64) COLLATE utf8_unicode_ci NOT NULL,
  `type` smallint(6) NOT NULL,
  `description` text COLLATE utf8_unicode_ci,
  `rule_name` varchar(64) COLLATE utf8_unicode_ci DEFAULT NULL,
  `data` blob,
  `created_at` int(11) DEFAULT NULL,
  `updated_at` int(11) DEFAULT NULL,
  PRIMARY KEY (`name`),
  KEY `rule_name` (`rule_name`),
  KEY `idx-auth_item-type` (`type`),
  CONSTRAINT `auth_item_ibfk_1` FOREIGN KEY (`rule_name`) REFERENCES `auth_rule` (`name`) ON DELETE SET NULL ON UPDATE CASCADE
) ENGINE=InnoDB DEFAULT CHARSET=utf8 COLLATE=utf8_unicode_ci;

INSERT INTO `auth_item` (`name`, `type`, `description`, `rule_name`, `data`, `created_at`, `updated_at`)
VALUES
	('/*',2,NULL,NULL,NULL,1492451410,1492451410),
	('/admin/*',2,NULL,NULL,NULL,1492451410,1492451410),
	('/admin/assignment/*',2,NULL,NULL,NULL,1492451410,1492451410),
	('/admin/assignment/assign',2,NULL,NULL,NULL,1492451410,1492451410),
	('/admin/assignment/index',2,NULL,NULL,NULL,1492451410,1492451410),
	('/admin/assignment/remove',2,NULL,NULL,NULL,1492451410,1492451410),
	('/admin/assignment/view',2,NULL,NULL,NULL,1492451410,1492451410),
	('/admin/permission/*',2,NULL,NULL,NULL,1492451410,1492451410),
	('/admin/permission/assign',2,NULL,NULL,NULL,1492451410,1492451410),
	('/admin/permission/create',2,NULL,NULL,NULL,1492451410,1492451410),
	('/admin/permission/delete',2,NULL,NULL,NULL,1492451410,1492451410),
	('/admin/permission/index',2,NULL,NULL,NULL,1492451410,1492451410),
	('/admin/permission/remove',2,NULL,NULL,NULL,1492451410,1492451410),
	('/admin/permission/update',2,NULL,NULL,NULL,1492451410,1492451410),
	('/admin/permission/view',2,NULL,NULL,NULL,1492451410,1492451410),
	('/admin/role/*',2,NULL,NULL,NULL,1492451410,1492451410),
	('/admin/role/assign',2,NULL,NULL,NULL,1492451410,1492451410),
	('/admin/role/create',2,NULL,NULL,NULL,1492451410,1492451410),
	('/admin/role/delete',2,NULL,NULL,NULL,1492451410,1492451410),
	('/admin/role/index',2,NULL,NULL,NULL,1492451410,1492451410),
	('/admin/role/remove',2,NULL,NULL,NULL,1492451410,1492451410),
	('/admin/role/update',2,NULL,NULL,NULL,1492451410,1492451410),
	('/admin/role/view',2,NULL,NULL,NULL,1492451410,1492451410),
	('/admin/route/*',2,NULL,NULL,NULL,1492451410,1492451410),
	('/admin/route/assign',2,NULL,NULL,NULL,1492451410,1492451410),
	('/admin/route/index',2,NULL,NULL,NULL,1492451410,1492451410),
	('/admin/route/refresh',2,NULL,NULL,NULL,1492451410,1492451410),
	('/admin/route/remove',2,NULL,NULL,NULL,1492451410,1492451410),
	('/admin/rule/*',2,NULL,NULL,NULL,1492451410,1492451410),
	('/admin/rule/create',2,NULL,NULL,NULL,1492451410,1492451410),
	('/admin/rule/delete',2,NULL,NULL,NULL,1492451410,1492451410),
	('/admin/rule/index',2,NULL,NULL,NULL,1492451410,1492451410),
	('/admin/rule/update',2,NULL,NULL,NULL,1492451410,1492451410),
	('/admin/rule/view',2,NULL,NULL,NULL,1492451410,1492451410),
	('/api/*',2,NULL,NULL,NULL,1492451410,1492451410),
	('/api/address/*',2,NULL,NULL,NULL,1492451410,1492451410),
	('/api/delivery/*',2,NULL,NULL,NULL,1492451410,1492451410),
	('/api/delivery/calculate',2,NULL,NULL,NULL,1492451410,1492451410),
	('/api/delivery/create',2,NULL,NULL,NULL,1492451410,1492451410),
	('/api/delivery/delete',2,NULL,NULL,NULL,1492451410,1492451410),
	('/api/delivery/index',2,NULL,NULL,NULL,1492451410,1492451410),
	('/api/delivery/options',2,NULL,NULL,NULL,1492451410,1492451410),
	('/api/delivery/update',2,NULL,NULL,NULL,1492451410,1492451410),
	('/api/delivery/view',2,NULL,NULL,NULL,1492451410,1492451410),
	('/api/order/*',2,NULL,NULL,NULL,1492451410,1492451410),
	('/api/order/create',2,NULL,NULL,NULL,1492451410,1492451410),
	('/api/order/delete',2,NULL,NULL,NULL,1492451410,1492451410),
	('/api/order/id-list',2,NULL,NULL,NULL,1492451410,1492451410),
	('/api/order/index',2,NULL,NULL,NULL,1492451410,1492451410),
	('/api/order/options',2,NULL,NULL,NULL,1492451410,1492451410),
	('/api/order/status-history',2,NULL,NULL,NULL,1492451410,1492451410),
	('/api/order/update',2,NULL,NULL,NULL,1492451410,1492451410),
	('/api/order/view',2,NULL,NULL,NULL,1492451410,1492451410),
	('/api/product/*',2,NULL,NULL,NULL,1492451410,1492451410),
	('/api/product/create',2,NULL,NULL,NULL,1492451410,1492451410),
	('/api/product/delete',2,NULL,NULL,NULL,1492451410,1492451410),
	('/api/product/index',2,NULL,NULL,NULL,1492451410,1492451410),
	('/api/product/list',2,NULL,NULL,NULL,1492451410,1492451410),
	('/api/product/options',2,NULL,NULL,NULL,1492451410,1492451410),
	('/api/product/update',2,NULL,NULL,NULL,1492451410,1492451410),
	('/api/product/view',2,NULL,NULL,NULL,1492451410,1492451410),
	('/api/shop/*',2,NULL,NULL,NULL,1492451410,1492451410),
	('/api/shop/create',2,NULL,NULL,NULL,1492451410,1492451410),
	('/api/shop/delete',2,NULL,NULL,NULL,1492451410,1492451410),
	('/api/shop/index',2,NULL,NULL,NULL,1492451410,1492451410),
	('/api/shop/options',2,NULL,NULL,NULL,1492451410,1492451410),
	('/api/shop/update',2,NULL,NULL,NULL,1492451410,1492451410),
	('/api/shop/view',2,NULL,NULL,NULL,1492451410,1492451410),
	('/api/user/*',2,NULL,NULL,NULL,1492451410,1492451410),
	('/api/user/create',2,NULL,NULL,NULL,1492451410,1492451410),
	('/api/user/delete',2,NULL,NULL,NULL,1492451410,1492451410),
	('/api/user/index',2,NULL,NULL,NULL,1492451410,1492451410),
	('/api/user/options',2,NULL,NULL,NULL,1492451410,1492451410),
	('/api/user/update',2,NULL,NULL,NULL,1492451410,1492451410),
	('/api/user/view',2,NULL,NULL,NULL,1492451410,1492451410),
	('/api/warehouse/*',2,NULL,NULL,NULL,1492451410,1492451410),
	('/api/warehouse/list',2,NULL,NULL,NULL,1492451410,1492451410),
	('/call/*',2,NULL,NULL,NULL,1492451410,1492451410),
	('/call/index',2,NULL,NULL,NULL,1492451410,1492451410),
	('/courier/*',2,NULL,NULL,NULL,1492451410,1492451410),
	('/courier/download',2,NULL,NULL,NULL,1492451410,1492451410),
	('/courier/index',2,NULL,NULL,NULL,1492451410,1492451410),
	('/courier/order-list',2,NULL,NULL,NULL,1492451410,1492451410),
	('/courier/order-list/own',2,NULL,'/order/own',NULL,1492451410,1492451410),
	('/debug/*',2,NULL,NULL,NULL,1492451410,1492451410),
	('/debug/default/*',2,NULL,NULL,NULL,1492451410,1492451410),
	('/debug/default/db-explain',2,NULL,NULL,NULL,1492451410,1492451410),
	('/debug/default/download-mail',2,NULL,NULL,NULL,1492451410,1492451410),
	('/debug/default/index',2,NULL,NULL,NULL,1492451410,1492451410),
	('/debug/default/toolbar',2,NULL,NULL,NULL,1492451410,1492451410),
	('/debug/default/view',2,NULL,NULL,NULL,1492451410,1492451410),
	('/label/download',2,NULL,NULL,NULL,1492451410,1492451410),
	('/label/index',2,NULL,NULL,NULL,1492451410,1492451410),
	('/log/*',2,NULL,NULL,NULL,1492451410,1492451410),
	('/log/index',2,NULL,NULL,NULL,1492451410,1492451410),
	('/log/view',2,NULL,NULL,NULL,1492451410,1492451410),
	('/main/*',2,NULL,NULL,NULL,1492451410,1492451410),
	('/main/captcha',2,NULL,NULL,NULL,1492451410,1492451410),
	('/main/doc',2,NULL,NULL,NULL,1497284726,1497284726),
	('/main/error',2,NULL,NULL,NULL,1492451410,1492451410),
	('/main/forgot-password',2,NULL,NULL,NULL,1492451410,1492451410),
	('/main/index',2,NULL,NULL,NULL,1492451410,1492451410),
	('/main/login',2,NULL,NULL,NULL,1492451410,1492451410),
	('/main/logout',2,NULL,NULL,NULL,1492451410,1492451410),
	('/main/offer',2,NULL,NULL,NULL,1492451410,1492451410),
	('/main/reset-password',2,NULL,NULL,NULL,1492451410,1492451410),
	('/main/signup',2,NULL,NULL,NULL,1492451410,1492451410),
	('/message/create',2,NULL,NULL,NULL,1492451410,1492451410),
	('/order/*',2,NULL,NULL,NULL,1492451410,1492451410),
	('/order/apply-delivery',2,NULL,NULL,NULL,1492451410,1492451410),
	('/order/calculate-carriers',2,NULL,NULL,NULL,1492451410,1492451410),
	('/order/calculate-totals',2,NULL,NULL,NULL,1492451410,1492451410),
	('/order/calls',2,NULL,NULL,NULL,1492451410,1492451410),
	('/order/columns',2,NULL,NULL,NULL,1492451410,1492451410),
	('/order/copy',2,NULL,NULL,NULL,1492451410,1492451410),
	('/order/copy/own',2,'Копирование заказов у присвоенных магазинов','/order/own',NULL,1492457104,1492457447),
	('/order/courier-call',2,NULL,NULL,NULL,1492451410,1492451410),
	('/order/create',2,NULL,NULL,NULL,1492451410,1492451410),
	('/order/create/own',2,'Создание заказов у присвоенных магазинов','/order/own',NULL,1492457104,1492457447),
	('/order/delete',2,NULL,NULL,NULL,1492451410,1492451410),
	('/order/delete/own',2,'Удаление заказов у присвоенных магазинов','/shop/own',NULL,1492457629,1492457629),
	('/order/get-available-orders',2,NULL,NULL,NULL,1492451410,1492451410),
	('/order/get-available-orders/own',2,'Получение доступных для подтверждения заказов','/order/own',NULL,1492451410,1492451410),
	('/order/get-courier-orders',2,NULL,NULL,NULL,1492451410,1492451410),
	('/order/get-product-row',2,NULL,NULL,NULL,1492451410,1492451410),
	('/order/in-collecting-window',2,NULL,NULL,NULL,1492451410,1492451410),
	('/order/index',2,NULL,NULL,NULL,1492451410,1492451410),
	('/order/is-confirm-allowed',2,NULL,NULL,NULL,1492451410,1492451410),
	('/order/multi-confirm',2,NULL,NULL,NULL,1492451410,1492451410),
	('/order/multi-confirm/own',2,'Мульти подтверждение заказов','/order/own',NULL,1492451410,1492451410),
	('/order/ready-for-delivery',2,NULL,NULL,NULL,1492451410,1492451410),
	('/order/save-message',2,NULL,NULL,NULL,1492451410,1492451410),
	('/order/set-status',2,NULL,NULL,NULL,1492451410,1492451410),
	('/order/set-status/own',2,'Изменение статуса заказа у присвоенных магазинов','/order/own',NULL,1492457940,1492461509),
	('/order/status-history',2,NULL,NULL,NULL,1492451410,1492451410),
	('/order/update/own',2,'Изменение заказов у присвоенных магазинов','/order/own',NULL,1492457018,1492457763),
	('/order/view',2,NULL,NULL,NULL,1492451410,1492451410),
	('/order/view/own',2,'Просмотр заказов у присвоенных магазинов','/order/own',NULL,1492457586,1492457780),
	('/product/*',2,NULL,NULL,NULL,1492451410,1492451410),
	('/product/create',2,NULL,NULL,NULL,1492451410,1492451410),
	('/product/create/own',2,'Создание товаров у присвоенных магазинов','/product/own',NULL,1492455486,1492455486),
	('/product/delete',2,NULL,NULL,NULL,1492451410,1492451410),
	('/product/delete/own',2,'Удаление товаров у присвоенных магазинов','/product/own',NULL,1492455935,1492455935),
	('/product/index',2,NULL,NULL,NULL,1492451410,1492451410),
	('/product/search',2,NULL,NULL,NULL,1492451410,1492451410),
	('/product/update',2,NULL,NULL,NULL,1492451410,1492451410),
	('/product/update/own',2,'Изменение товаров у присвоенных  магазинов','/product/own',NULL,1492455359,1492455359),
	('/product/view/own',2,'Просмотр товаров у присвоенных магазинов','/product/own',NULL,1492455973,1492455973),
	('/rbac/*',2,NULL,NULL,NULL,1492451410,1492451410),
	('/shop/*',2,NULL,NULL,NULL,1492451410,1492451410),
	('/shop/block',2,NULL,NULL,NULL,1492451410,1492451410),
	('/shop/create',2,NULL,NULL,NULL,1492451410,1492451410),
	('/shop/create/own',2,'Создание собственных магазинов','/shop/own',NULL,1492454916,1492454916),
	('/shop/delete',2,NULL,NULL,NULL,1492451410,1492451410),
	('/shop/delete/own',2,'Удаление собственных магазинов','/shop/own',NULL,1492455066,1492455066),
	('/shop/enable-fulfillment',2,NULL,NULL,NULL,1492451410,1492451410),
	('/shop/index',2,NULL,NULL,NULL,1492451410,1492451410),
	('/shop/update',2,NULL,NULL,NULL,1492451410,1492451410),
	('/shop/update-delivery-list',2,NULL,NULL,NULL,1492451410,1492451410),
	('/shop/update-sklad-id',2,NULL,NULL,NULL,1492451410,1492451410),
	('/shop/update/own',2,'Изменение присвоенных магазинов','/shop/own',NULL,1492451610,1492453613),
	('/shop/view',2,NULL,NULL,NULL,1492451410,1492451410),
	('/shop/view/own',2,'Просмотр собственных магазинов','/shop/own',NULL,1492456072,1492456072),
	('/tariff/add',2,NULL,NULL,NULL,1492451410,1492451410),
	('/tariff/remove',2,NULL,NULL,NULL,1492451410,1492451410),
	('/user/*',2,NULL,NULL,NULL,1492451410,1492451410),
	('/user/create',2,NULL,NULL,NULL,1492451410,1492451410),
	('/user/create/own',2,'Создание пользователей имеющих доступ к присвоенным магазинам','/user/own',NULL,1492460227,1492460227),
	('/user/delete',2,NULL,NULL,NULL,1492451410,1492451410),
	('/user/index',2,NULL,NULL,NULL,1492451410,1492451410),
	('/user/reset-access-token',2,NULL,NULL,NULL,1492451410,1492451410),
	('/user/reset-access-token/own',2,'Просмотр пользователей имеющих доступ к присвоенным магазинам','/user/own',NULL,1492460309,1492460309),
	('/user/update',2,NULL,NULL,NULL,1492451410,1492451410),
	('/user/update/own',2,'Изменение пользователей имеющих доступ к присвоенным магазинам','/user/own',NULL,1492459415,1492459415),
	('/user/view',2,NULL,NULL,NULL,1492451410,1492451410),
	('/user/view/own',2,'Просмотр пользователей имеющих доступ к присвоенным магазинам','/user/own',NULL,1492460309,1492460309),
	('/warehouse/*',2,NULL,NULL,NULL,1497284726,1497284726),
	('/warehouse/create',2,NULL,NULL,NULL,1497284726,1497284726),
	('/warehouse/delete',2,NULL,NULL,NULL,1497284726,1497284726),
	('/warehouse/index',2,NULL,NULL,NULL,1497284726,1497284726),
	('/warehouse/update',2,NULL,NULL,NULL,1497284726,1497284726),
	('/warehouse/view',2,NULL,NULL,NULL,1497284726,1497284726),
	('/warehouse/view/own',2,NULL,NULL,NULL,1497284726,1497284726),
	('root',1,'Супер админ',NULL,NULL,1492451257,1492451257),
	('shopAdmin',1,'Администратор магазинов',NULL,NULL,1492451375,1492451375),
	('shopWatcher',1,'Наблюдатель магазинов',NULL,NULL,1492451393,1492451393),
	('systemAdmin',1,'Адиминистратор системы',NULL,NULL,1492451294,1492451294),
	('systemWatcher',1,'Наблюдатель системы',NULL,NULL,1492451316,1492451316);


# Дамп таблицы auth_item_child
# ------------------------------------------------------------

DROP TABLE IF EXISTS `auth_item_child`;

CREATE TABLE `auth_item_child` (
  `parent` varchar(64) COLLATE utf8_unicode_ci NOT NULL,
  `child` varchar(64) COLLATE utf8_unicode_ci NOT NULL,
  PRIMARY KEY (`parent`,`child`),
  KEY `child` (`child`),
  CONSTRAINT `auth_item_child_ibfk_1` FOREIGN KEY (`parent`) REFERENCES `auth_item` (`name`) ON DELETE CASCADE ON UPDATE CASCADE,
  CONSTRAINT `auth_item_child_ibfk_2` FOREIGN KEY (`child`) REFERENCES `auth_item` (`name`) ON DELETE CASCADE ON UPDATE CASCADE
) ENGINE=InnoDB DEFAULT CHARSET=utf8 COLLATE=utf8_unicode_ci;

INSERT INTO `auth_item_child` (`parent`, `child`)
VALUES
	('root','/*'),
	('systemAdmin','/api/*'),
	('root','/api/address/*'),
	('shopAdmin','/api/address/*'),
	('shopWatcher','/api/address/*'),
	('shopAdmin','/api/delivery/calculate'),
	('shopWatcher','/api/delivery/calculate'),
	('shopWatcher','/api/delivery/index'),
	('/order/create/own','/api/order/create'),
	('shopWatcher','/api/order/create'),
	('/order/delete/own','/api/order/delete'),
	('shopAdmin','/api/order/id-list'),
	('shopWatcher','/api/order/index'),
	('shopAdmin','/api/order/status-history'),
	('/order/update/own','/api/order/update'),
	('/order/view/own','/api/order/view'),
	('/product/create/own','/api/product/create'),
	('/product/delete/own','/api/product/delete'),
	('shopWatcher','/api/product/index'),
	('shopAdmin','/api/product/list'),
	('shopWatcher','/api/product/list'),
	('/product/update/own','/api/product/update'),
	('/product/view/own','/api/product/view'),
	('/shop/create/own','/api/shop/create'),
	('/shop/delete/own','/api/shop/delete'),
	('shopWatcher','/api/shop/index'),
	('/shop/update/own','/api/shop/update'),
	('/shop/view/own','/api/shop/view'),
	('/user/create/own','/api/user/create'),
	('/user/update/own','/api/user/update'),
	('/user/view/own','/api/user/view'),
	('shopAdmin','/api/warehouse/list'),
	('shopWatcher','/api/warehouse/list'),
	('systemAdmin','/call/*'),
	('shopAdmin','/call/index'),
	('shopWatcher','/call/index'),
	('systemAdmin','/call/index'),
	('systemAdmin','/courier/*'),
	('shopAdmin','/courier/download'),
	('systemAdmin','/courier/download'),
	('shopAdmin','/courier/index'),
	('systemAdmin','/courier/index'),
	('shopAdmin','/courier/order-list'),
	('shopAdmin','/label/download'),
	('shopWatcher','/label/download'),
	('systemAdmin','/label/download'),
	('shopAdmin','/label/index'),
	('systemAdmin','/label/index'),
	('root','/log/*'),
	('systemAdmin','/log/*'),
	('systemAdmin','/main/*'),
	('shopAdmin','/main/index'),
	('shopWatcher','/main/index'),
	('shopAdmin','/main/logout'),
	('shopWatcher','/main/logout'),
	('shopAdmin','/main/offer'),
	('shopAdmin','/message/create'),
	('shopWatcher','/message/create'),
	('systemAdmin','/message/create'),
	('systemAdmin','/order/*'),
	('shopAdmin','/order/apply-delivery'),
	('shopAdmin','/order/calculate-carriers'),
	('shopAdmin','/order/calculate-totals'),
	('shopWatcher','/order/calculate-totals'),
	('shopAdmin','/order/calls'),
	('shopWatcher','/order/calls'),
	('shopAdmin','/order/columns'),
	('shopWatcher','/order/columns'),
	('/order/copy/own','/order/copy'),
	('shopAdmin','/order/copy/own'),
	('shopAdmin','/order/courier-call'),
	('/order/create/own','/order/create'),
	('shopAdmin','/order/create/own'),
	('/order/delete/own','/order/delete'),
	('shopAdmin','/order/delete/own'),
	('/order/get-available-orders/own','/order/get-available-orders'),
	('shopAdmin','/order/get-available-orders/own'),
	('shopAdmin','/order/get-courier-orders'),
	('shopAdmin','/order/get-product-row'),
	('shopAdmin','/order/in-collecting-window'),
	('shopAdmin','/order/index'),
	('shopWatcher','/order/index'),
	('shopAdmin','/order/is-confirm-allowed'),
	('/order/multi-confirm/own','/order/multi-confirm'),
	('shopAdmin','/order/multi-confirm/own'),
	('shopAdmin','/order/ready-for-delivery'),
	('shopAdmin','/order/save-message'),
	('/order/set-status/own','/order/set-status'),
	('shopAdmin','/order/set-status/own'),
	('shopAdmin','/order/status-history'),
	('shopWatcher','/order/status-history'),
	('shopAdmin','/order/update/own'),
	('/order/view/own','/order/view'),
	('shopAdmin','/order/view/own'),
	('shopWatcher','/order/view/own'),
	('systemAdmin','/product/*'),
	('/product/create/own','/product/create'),
	('shopAdmin','/product/create/own'),
	('/product/delete/own','/product/delete'),
	('shopAdmin','/product/delete/own'),
	('shopAdmin','/product/index'),
	('shopWatcher','/product/index'),
	('shopAdmin','/product/search'),
	('/product/update/own','/product/update'),
	('shopAdmin','/product/update/own'),
	('shopAdmin','/product/view/own'),
	('root','/shop/*'),
	('systemAdmin','/shop/*'),
	('root','/shop/block'),
	('systemAdmin','/shop/block'),
	('/shop/create/own','/shop/create'),
	('shopAdmin','/shop/create/own'),
	('/shop/delete/own','/shop/delete'),
	('shopAdmin','/shop/delete/own'),
	('root','/shop/enable-fulfillment'),
	('systemAdmin','/shop/enable-fulfillment'),
	('shopAdmin','/shop/index'),
	('shopWatcher','/shop/index'),
	('/shop/update/own','/shop/update'),
	('root','/shop/update-delivery-list'),
	('systemAdmin','/shop/update-delivery-list'),
	('root','/shop/update-sklad-id'),
	('shopAdmin','/shop/update/own'),
	('/shop/view/own','/shop/view'),
	('shopAdmin','/shop/view/own'),
	('shopWatcher','/shop/view/own'),
	('shopAdmin','/tariff/add'),
	('systemAdmin','/tariff/add'),
	('shopAdmin','/tariff/remove'),
	('systemAdmin','/tariff/remove'),
	('systemAdmin','/user/*'),
	('/user/create/own','/user/create'),
	('shopAdmin','/user/create/own'),
	('shopAdmin','/user/index'),
	('/user/reset-access-token/own','/user/reset-access-token'),
	('shopAdmin','/user/reset-access-token/own'),
	('/user/update/own','/user/update'),
	('shopAdmin','/user/update/own'),
	('/user/view/own','/user/view'),
	('shopAdmin','/user/view/own'),
	('shopWatcher','/user/view/own'),
	('root','/warehouse/*'),
	('systemAdmin','/warehouse/*'),
	('shopAdmin','/warehouse/create'),
	('shopAdmin','/warehouse/delete'),
	('shopAdmin','/warehouse/index'),
	('shopWatcher','/warehouse/index'),
	('shopAdmin','/warehouse/update'),
	('shopAdmin','/warehouse/view'),
	('root','shopAdmin'),
	('systemAdmin','shopAdmin'),
	('root','shopWatcher'),
	('shopAdmin','shopWatcher'),
	('root','systemAdmin');


# Дамп таблицы auth_rule
# ------------------------------------------------------------

DROP TABLE IF EXISTS `auth_rule`;

CREATE TABLE `auth_rule` (
  `name` varchar(64) COLLATE utf8_unicode_ci NOT NULL,
  `data` blob,
  `created_at` int(11) DEFAULT NULL,
  `updated_at` int(11) DEFAULT NULL,
  PRIMARY KEY (`name`)
) ENGINE=InnoDB DEFAULT CHARSET=utf8 COLLATE=utf8_unicode_ci;

INSERT INTO `auth_rule` (`name`, `data`, `created_at`, `updated_at`)
VALUES
	('/order/own',X'4F3A31373A226170705C726261635C4F726465724F776E223A333A7B733A343A226E616D65223B733A31303A222F6F726465722F6F776E223B733A393A22637265617465644174223B693A313439323435363931373B733A393A22757064617465644174223B693A313439323435363931373B7D',1492456917,1492456917),
	('/product/own',X'4F3A31393A226170705C726261635C50726F647563744F776E223A333A7B733A343A226E616D65223B733A31323A222F70726F647563742F6F776E223B733A393A22637265617465644174223B693A313439323435353237343B733A393A22757064617465644174223B693A313439323435353237343B7D',1492455274,1492455274),
	('/shop/own',X'4F3A31363A226170705C726261635C53686F704F776E223A333A7B733A343A226E616D65223B733A393A222F73686F702F6F776E223B733A393A22637265617465644174223B693A313439323435333539343B733A393A22757064617465644174223B693A313439323435333539343B7D',1492453594,1492453594),
	('/user/own',X'4F3A31363A226170705C726261635C557365724F776E223A333A7B733A343A226E616D65223B733A393A222F757365722F6F776E223B733A393A22637265617465644174223B693A313439323435393237393B733A393A22757064617465644174223B693A313439323435393237393B7D',1492459279,1492459279);

INSERT IGNORE INTO `user` (`id`, `access_token`, `auth_key`, `password_hash`, `password_reset_token`, `email`, `fio`, `status`, `notify`, `created_at`, `updated_at`, `full_fillment`)
VALUES
	('217', 'X3NTXpNFrvk4e7yCGalfI1zPvYG-IbBz','CjAfJMI9-jrNSl6x0iDto7QF7pUmhNEV','$2y$13$EiXddhUE5LUWeLkKDvjuduBNoqCRE3KLGcHbRKwPLUSgCqO1v8Pvu',NULL,'sleverin@bk.ru','Шамиль Хайртдинов',10,0,1499868761,1513025343,NULL);